"Count","Tradelist Count","Name","Edition","Condition","Language","Foil","Tags","Last Modified","Collector Number","Alter","Proxy","Purchase Price"
"2","2","Abhorrent Overlord","ths","Near Mint","English","","","2025-01-05 19:26:45.563000","75","False","False","0.35"
"8","8","Accumulated Knowledge","a25","Near Mint","English","","","2025-01-05 19:52:52.720000","40","False","False","0.25"
"1","1","Agony Warp","ala","Good (Lightly Played)","English","","","2025-01-05 03:43:43.113000","153","False","False","0.20"
"2","2","Altar of the Brood","ktk","Near Mint","English","","","2025-01-05 22:28:12.487000","216","False","False","0.49"
"1","1","Altar of the Brood","ktk","Good (Lightly Played)","English","","","2025-01-05 22:26:31.423000","216","False","False","0.36"
"3","3","Ancient Grudge","isd","Good (Lightly Played)","English","","","2025-01-05 05:41:42.513000","127","False","False","0.20"
"4","4","Ancient Grudge","isd","Good (Lightly Played)","English","","","2025-01-05 23:53:21.523000","127","False","False","0.28"
"4","4","Ancient Stirrings","a25","Near Mint","English","","","2025-01-05 07:11:20.953000","159","False","False","2.99"
"4","4","Ancient Stirrings","a25","Near Mint","English","","","2025-01-05 06:49:03.263000","159","False","False","2.79"
"4","4","Ancient Stirrings","2xm","Near Mint","English","","","2025-01-05 04:26:58.897000","151","False","False","0.25"
"4","4","Annoyed Altisaur","cmr","Near Mint","English","","","2025-01-05 04:27:19.430000","216","False","False","0.25"
"4","4","Anticipate","dtk","Near Mint","English","","","2025-01-05 22:46:30.837000","45","False","False","0.07"
"3","3","Approach of the Second Sun","akh","Near Mint","English","","","2025-01-05 22:46:55.203000","4","False","False","0.47"
"4","4","Archway Angel","rna","Near Mint","English","","","2025-01-05 07:08:55.623000","3","False","False","0.25"
"4","4","Artisan of Kozilek","cm2","Near Mint","English","","","2025-01-05 23:37:24.697000","14","False","False","0.35"
"2","2","Ash Barrens","c20","Near Mint","English","","","2025-01-05 03:41:26.627000","255","False","False","0.59"
"3","3","Ash Barrens","a25","Near Mint","English","","","2025-01-05 19:53:10.840000","236","False","False","2.99"
"4","4","Atog","3ed","Good (Lightly Played)","English","","","2025-01-05 05:41:30.247000","139","False","False","0.39"
"4","4","Attune with Aether","kld","Good (Lightly Played)","English","","","2025-01-05 06:56:02.213000","145","False","False","0.20"
"1","1","Augur of Bolas","m13","Near Mint","English","","","2025-01-05 19:56:27.720000","43","False","False","0.25"
"7","7","Augur of Bolas","m13","Good (Lightly Played)","English","","","2025-01-05 20:03:08.153000","43","False","False","0.20"
"1","1","Authority of the Consuls","kld","Near Mint","English","","","2025-01-05 22:47:11.907000","5","False","False","2.49"
"1","1","Azure Fleet Admiral","cmr","Near Mint","English","","","2025-01-05 03:59:48.747000","58","False","False","0.25"
"4","4","Bane of Bala Ged","bfz","Good (Lightly Played)","English","","","2025-01-05 23:38:05.163000","1","False","False","0.80"
"4","4","Banishing Knack","eve","Good (Lightly Played)","English","","","2025-01-05 20:15:13.950000","17","False","False","0.20"
"2","2","Banishing Knack","eve","Near Mint","English","","","2025-01-05 22:27:58.473000","17","False","False","0.25"
"1","1","Behold the Multiverse","khm","Near Mint","English","","","2025-01-05 04:00:01.127000","46","False","False","0.25"
"3","3","Blanchwood Prowler","bro","Near Mint","English","foil","","2025-01-05 23:45:53.137000","172","False","False","0.12"
"1","1","Blanchwood Prowler","bro","Good (Lightly Played)","English","","","2025-01-05 23:53:36.897000","172","False","False","0.28"
"6","6","Blue Elemental Blast","3ed","Good (Lightly Played)","English","","","2025-01-05 05:42:32.913000","49","False","False","0.20"
"4","4","Blue Elemental Blast","4ed","Near Mint","English","","","2025-01-05 19:57:43.997000","63","False","False","0.25"
"4","4","Boarding Party","cmr","Near Mint","English","","","2025-01-05 04:27:38.290000","163","False","False","0.25"
"3","3","Bogbrew Witch","ima","Near Mint","English","","","2025-01-05 23:28:01.767000","83","False","False","0.14"
"1","1","Bogbrew Witch","ima","Near Mint","English","","","2025-01-05 19:27:17.683000","83","False","False","0.25"
"1","1","Bojuka Bog","c18","Near Mint","English","","","2025-01-05 04:28:07.510000","238","False","False","2.99"
"4","4","Bonder's Ornament","c20","Near Mint","English","","","2025-01-05 05:27:16.127000","67","False","False","0.25"
"1","1","Boros Guildgate","dgm","Near Mint","English","","","2025-01-05 06:23:09.143000","147","False","False","0.25"
"4","4","Brainstorm","afc","Near Mint","English","","","2025-01-05 03:42:43.367000","79","False","False","0.35"
"4","4","Brainstorm","a25","Near Mint","English","","","2025-01-05 19:58:34.943000","46","False","False","0.79"
"4","4","Bubble Snare","znr","Near Mint","English","","","2025-01-05 06:04:56.787000","47","False","False","0.25"
"2","2","Bubbling Cauldron","m14","Good (Lightly Played)","English","","","2025-01-05 19:33:04.180000","205","False","False","0.20"
"2","2","Bubbling Cauldron","m14","Near Mint","English","","","2025-01-05 23:35:32.163000","205","False","False","0.10"
"4","4","Burning-Tree Emissary","gtc","Good (Lightly Played)","English","","","2025-01-05 19:34:03.883000","216","False","False","0.20"
"4","4","Cadaver Imp","ddr","Near Mint","English","","","2025-01-05 23:28:22.613000","41","False","False","0.09"
"4","4","Calculated Dismissal","ori","Good (Lightly Played)","English","","","2025-01-05 23:14:00.500000","48","False","False","0.07"
"4","4","Caravan Vigil","isd","Good (Lightly Played)","English","","","2025-01-05 06:56:23.167000","173","False","False","0.20"
"4","4","Caravan Vigil","isd","Good (Lightly Played)","English","","","2025-01-05 22:47:31.533000","173","False","False","0.09"
"4","4","Cast Down","2xm","Near Mint","English","","","2025-01-05 23:56:09.440000","79","False","False","0.79"
"4","4","Cast Down","clb","Near Mint","English","","","2025-01-05 03:43:26.340000","119","False","False","0.35"
"4","4","Cast Out","akh","Near Mint","English","","","2025-01-05 22:48:09.787000","8","False","False","0.99"
"4","4","Censor","akh","Near Mint","English","","","2025-01-05 22:48:30.927000","46","False","False","0.99"
"4","4","Cerulean Drake","m20","Near Mint","English","","","2025-01-05 06:05:29.987000","53","False","False","0.25"
"4","4","Chancellor of the Tangle","nph","Good (Lightly Played)","English","","","2025-01-05 06:57:50.483000","106","False","False","0.28"
"4","4","Chromatic Sphere","inv","Good (Lightly Played)","English","","","2025-01-05 07:17:40.150000","299","False","False","0.79"
"1","1","Chromatic Star","2xm","Good (Lightly Played)","English","","","2025-01-05 05:42:48.813000","239","False","False","0.20"
"3","3","Chromatic Star","tsr","Near Mint","English","","","2025-01-05 05:52:15.230000","263","False","False","0.25"
"2","2","Circle of Protection: White","3ed","Good (Lightly Played)","English","","","2025-01-05 05:37:02.670000","13","False","False","0.20"
"2","2","Circuitous Route","grn","Near Mint","English","","","2025-01-05 06:23:44.777000","125","False","False","0.35"
"3","3","Clearwater Pathway // Murkwater Pathway","znr","Near Mint","English","","","2025-01-05 23:42:50.100000","260","False","False","2.99"
"1","1","Clearwater Pathway // Murkwater Pathway","znr","Good (Lightly Played)","English","","","2025-01-05 23:44:09.523000","260","False","False","3.47"
"3","3","Coffin Purge","ody","Played","English","","","2025-01-06 00:01:57.420000","124","False","False","0.41"
"2","2","Conduit of Ruin","bfz","Good (Lightly Played)","English","","","2025-01-05 23:38:19.860000","4","False","False","1.25"
"2","2","Conduit Pylons","otj","Good (Lightly Played)","English","","","2025-01-05 23:54:21.863000","254","False","False","0.28"
"2","2","Consume Spirit","m12","Good (Lightly Played)","English","","","2025-01-05 23:12:39.180000","88","False","False","0.11"
"4","4","Counterspell","tmp","Good (Lightly Played)","English","","","2025-01-05 20:04:03.807000","57","False","False","1.03"
"4","4","Counterspell","mh2","Near Mint","English","","","2025-01-05 04:00:15.830000","267","False","False","1.29"
"2","2","Crackling Perimeter","gtc","Near Mint","English","","","2025-01-05 06:24:21.293000","88","False","False","0.25"
"3","3","Crimson Acolyte","inv","Near Mint","English","","","2025-01-05 23:41:59.743000","11","False","False","0.28"
"3","3","Crop Rotation","c20","Near Mint","English","","","2025-01-05 05:27:54.350000","169","False","False","0.79"
"4","4","Cryptic Serpent","akh","Good (Lightly Played)","English","","","2025-01-05 23:04:16.760000","48","False","False","0.08"
"4","4","Curiosity","isd","Good (Lightly Played)","English","","","2025-01-05 06:14:45.533000","49","False","False","0.47"
"4","4","Curious Homunculus // Voracious Reader","emn","Good (Lightly Played)","English","","","2025-01-05 23:11:23.280000","54","False","False","0.19"
"4","4","Curious Obsession","rix","Near Mint","English","","","2025-01-05 06:05:48.483000","35","False","False","0.99"
"2","2","Darksteel Axe","som","Good (Lightly Played)","English","","","2025-01-05 19:34:32.930000","149","False","False","0.20"
"4","4","Darksteel Axe","ima","Near Mint","English","","","2025-01-05 23:28:48.473000","214","False","False","0.12"
"4","4","Darksteel Citadel","c14","Good (Lightly Played)","English","","","2025-01-05 05:43:18.410000","290","False","False","0.55"
"4","4","Darksteel Relic","nph","Near Mint","English","","","2025-01-05 22:27:01.643000","134","False","False","0.33"
"4","4","Dawn Charm","plc","Good (Lightly Played)","English","","","2025-01-05 06:30:26.963000","4","False","False","0.55"
"4","4","Dawntreader Elk","dka","Near Mint","English","","","2025-01-05 06:49:24.547000","111","False","False","0.25"
"4","4","Defile","mh1","Near Mint","English","","","2025-01-05 19:59:29.427000","86","False","False","0.25"
"4","4","Delver of Secrets // Insectile Aberration","isd","Near Mint","English","","","2025-01-05 07:18:15.043000","51","False","False","1.79"
"4","4","Delver of Secrets // Insectile Aberration","isd","Good (Lightly Played)","English","","","2025-01-05 22:48:49.740000","51","False","False","1.13"
"2","2","Desecration Demon","ddr","Near Mint","English","","","2025-01-05 23:29:18.567000","44","False","False","0.51"
"4","4","Desert of the Glorified","hou","Near Mint","English","","","2025-01-05 19:27:41.223000","171","False","False","0.25"
"4","4","Diabolic Edict","a25","Good (Lightly Played)","English","","","2025-01-05 03:45:37.553000","85","False","False","0.20"
"3","3","Diabolic Tutor","kld","Good (Lightly Played)","English","","","2025-01-05 23:29:56.353000","75","False","False","0.25"
"1","1","Dimir Guildgate","dgm","Good (Lightly Played)","English","","","2025-01-05 06:30:55.063000","148","False","False","0.20"
"4","4","Dimir Guildgate","gtc","Good (Lightly Played)","English","","","2025-01-05 22:49:15.010000","241","False","False","0.09"
"4","4","Dimir Infiltrator","rav","Good (Lightly Played)","English","","","2025-01-05 22:50:32.787000","203","False","False","0.09"
"4","4","Disciple of the Vault","mrd","Good (Lightly Played)","English","","","2025-01-05 05:43:44.897000","62","False","False","0.47"
"4","4","Disciple of the Vault","2xm","Near Mint","English","","","2025-01-05 06:06:08.443000","86","False","False","0.49"
"4","4","Dispel","wwk","Near Mint","English","","","2025-01-05 07:19:00.743000","26","False","False","0.25"
"6","6","Dispel","bfz","Good (Lightly Played)","English","","","2025-01-05 05:44:01.837000","76","False","False","0.20"
"1","1","Dispel","bfz","Near Mint","English","","","2025-01-05 19:59:51.977000","76","False","False","0.25"
"4","4","Dissenter's Deliverance","akh","Good (Lightly Played)","English","","","2025-01-05 23:22:11.293000","164","False","False","0.05"
"4","4","Dive Down","xln","Near Mint","English","","","2025-01-05 06:06:23.563000","53","False","False","0.25"
"2","2","Doom Blade","m12","Near Mint","English","","","2025-01-05 22:51:09.240000","95","False","False","0.18"
"2","2","Doom Blade","m11","Near Mint","English","","","2025-01-05 22:50:53.577000","95","False","False","0.17"
"3","3","Door to Nothingness","hop","Good (Lightly Played)","English","","","2025-01-05 06:33:39.263000","112","False","False","0.79"
"2","2","Dragon's Claw","m10","Good (Lightly Played)","English","","","2025-01-05 19:35:09.200000","210","False","False","0.20"
"4","4","Dread Return","cmm","Near Mint","English","","","2025-01-05 23:56:48.337000","637","False","False","0.39"
"4","4","Duress","dtk","Good (Lightly Played)","English","","","2025-01-05 19:35:54.940000","98","False","False","0.20"
"4","4","Duress","sta","Near Mint","English","","","2025-01-05 03:13:23.123000","29","False","False","0.25"
"4","4","Duskmantle Guildmage","gtc","Good (Lightly Played)","English","","","2025-01-05 22:51:34.820000","158","False","False","0.44"
"1","1","Echoing Truth","c19","Near Mint","English","","","2025-01-05 03:43:14.573000","84","False","False","0.25"
"2","2","Electrickery","rtr","Good (Lightly Played)","English","","","2025-01-05 20:04:16.887000","93","False","False","0.20"
"4","4","Elusive Spellfist","dtk","Near Mint","English","","","2025-01-05 22:26:13.213000","53","False","False","0.11"
"2","2","Endbringer","pogw","Good (Lightly Played)","English","foil","","2025-01-05 23:38:51.080000","3","False","False","0.72"
"4","4","Enigma Drake","akh","Near Mint","English","","","2025-01-05 22:51:54.300000","198","False","False","0.18"
"3","3","Evolving Wilds","m13","Good (Lightly Played)","English","","","2025-01-05 03:42:11.093000","224","False","False","0.20"
"4","4","Evolving Wilds","bfz","Near Mint","English","","","2025-01-05 20:00:24.750000","236","False","False","0.25"
"4","4","Exhume","usg","Played","English","","","2025-01-06 00:02:38.693000","134","False","False","3.84"
"4","4","Expedition Map","zen","Near Mint","English","","","2025-01-05 07:11:48.597000","201","False","False","4.99"
"4","4","Explore","wwk","Good (Lightly Played)","English","","","2025-01-05 06:34:15.437000","99","False","False","0.20"
"4","4","Faerie Miscreant","ori","Good (Lightly Played)","English","","","2025-01-05 20:04:39.413000","57","False","False","0.20"
"8","8","Faerie Seer","mh1","Near Mint","English","","","2025-01-05 07:19:16.467000","51","False","False","0.25"
"3","3","Faerie Seer","mh1","Near Mint","English","","","2025-01-05 03:14:23.720000","51","False","False","0.29"
"4","4","Faithless Looting","dka","Near Mint","English","","","2025-01-05 19:29:49.940000","87","False","False","1.79"
"3","3","Fertile Ground","lrw","Near Mint","English","","","2025-01-05 06:25:03.357000","211","False","False","0.25"
"4","4","Fertile Ground","bbd","Near Mint","English","","","2025-01-05 06:49:57.033000","198","False","False","0.25"
"4","4","Festering Newt","ima","Near Mint","English","","","2025-01-05 23:35:00.210000","90","False","False","0.10"
"3","3","Fiery Cannonade","cmr","Near Mint","English","","","2025-01-05 05:28:15.070000","178","False","False","0.25"
"4","4","Flame Slash","roe","Near Mint","English","","","2025-01-05 07:19:32.527000","145","False","False","0.25"
"1","1","Flaring Pain","jud","Good (Lightly Played)","English","","","2025-01-05 05:44:45.857000","89","False","False","0.47"
"2","2","Fling","m11","Good (Lightly Played)","English","","","2025-01-05 05:45:26.190000","139","False","False","0.20"
"1","1","Fog","m10","Near Mint","English","","","2025-01-05 06:25:53.597000","182","False","False","0.25"
"2","2","Forsake the Worldly","akh","Good (Lightly Played)","English","","","2025-01-05 23:22:29.430000","13","False","False","0.04"
"2","2","Fumigate","kld","Good (Lightly Played)","English","","","2025-01-05 22:52:23.553000","15","False","False","1.78"
"1","1","Galvanic Blast","2xm","Good (Lightly Played)","English","","","2025-01-05 05:46:08.623000","125","False","False","0.20"
"3","3","Galvanic Blast","ddu","Near Mint","English","","","2025-01-05 05:52:38.940000","45","False","False","0.25"
"4","4","Gate Colossus","rna","Near Mint","English","","","2025-01-05 07:09:09.740000","232","False","False","0.25"
"4","4","Gatebreaker Ram","rna","Near Mint","English","","","2025-01-05 07:09:23.677000","126","False","False","0.25"
"4","4","Gatecreeper Vine","rtr","Good (Lightly Played)","English","","","2025-01-05 06:34:51.160000","124","False","False","0.20"
"4","4","Gates Ablaze","rna","Near Mint","English","","","2025-01-05 07:09:46.573000","102","False","False","0.25"
"4","4","Gateway Plaza","grn","Near Mint","English","","","2025-01-05 07:10:06.377000","247","False","False","0.25"
"4","4","Gearseeker Serpent","kld","Good (Lightly Played)","English","","","2025-01-05 06:15:10.873000","48","False","False","0.20"
"2","2","Gearseeker Serpent","kld","Near Mint","English","","","2025-01-05 05:52:55.717000","48","False","False","0.25"
"4","4","Generator Servant","m15","Near Mint","English","","","2025-01-05 19:30:03.800000","143","False","False","0.25"
"4","4","Generous Ent","ltr","Near Mint","English","","","2025-01-05 23:57:03.503000","169","False","False","0.79"
"1","1","Geothermal Bog","dsc","Near Mint","English","","","2025-01-05 23:57:22.317000","278","False","False","0.39"
"4","4","Gift of Paradise","akh","Good (Lightly Played)","English","","","2025-01-05 23:04:31.597000","167","False","False","0.05"
"2","2","Gnaw to the Bone","isd","Near Mint","English","","","2025-01-05 23:46:45.000000","183","False","False","0.17"
"2","2","Gnaw to the Bone","plst","Near Mint","English","","","2025-01-05 23:57:35.337000","ISD-183","False","False","0.69"
"4","4","Goblin Bushwhacker","zen","Near Mint","English","","","2025-01-05 19:30:24.200000","125","False","False","2.29"
"1","1","Goblin Charbelcher","mrd","Good (Lightly Played)","English","","","2025-01-05 06:58:44.513000","176","False","False","1.03"
"3","3","Goblin Electromancer","rtr","Near Mint","English","","","2025-01-05 22:52:49.240000","163","False","False","0.09"
"1","1","Golgari Guildgate","rtr","Good (Lightly Played)","English","","","2025-01-05 06:35:24.603000","239","False","False","0.20"
"1","1","Gorilla Shaman","all","Near Mint","English","","","2025-01-05 05:29:24.453000","72b","False","False","0.99"
"4","4","Grapeshot","tsp","Good (Lightly Played)","English","","","2025-01-05 22:27:45.133000","160","False","False","0.29"
"2","2","Great Furnace","c21","Near Mint","English","","","2025-01-05 05:53:29.620000","292","False","False","0.69"
"2","2","Great Furnace","c18","Good (Lightly Played)","English","","","2025-01-05 05:46:41.030000","250","False","False","0.63"
"4","4","Growth Spiral","rna","Near Mint","English","","","2025-01-05 07:10:31.483000","178","False","False","0.25"
"1","1","Gruul Signet","plst","Near Mint","English","","","2025-01-05 05:29:55.973000","C16-256","False","False","0.69"
"4","4","Guild Summit","grn","Near Mint","English","","","2025-01-05 07:10:43.117000","41","False","False","0.25"
"4","4","Gurmag Angler","frf","Good (Lightly Played)","English","","","2025-01-05 03:58:30.270000","72","False","False","0.20"
"4","4","Gut Shot","mm2","Near Mint","English","","","2025-01-05 22:53:07.220000","117","False","False","0.24"
"4","4","Guttersnipe","rtr","Near Mint","English","","","2025-01-05 22:57:59.433000","98","False","False","0.14"
"1","1","Haunted Fengraf","c14","Good (Lightly Played)","English","","","2025-01-05 05:37:24.953000","300","False","False","0.20"
"1","1","Haunted Mire","dmu","Near Mint","English","","","2025-01-05 23:58:10.683000","248","False","False","0.39"
"2","2","Haze of Pollen","akh","Near Mint","English","","","2025-01-05 06:50:48.350000","171","False","False","0.25"
"4","4","Haze of Pollen","akh","Good (Lightly Played)","English","","","2025-01-05 23:04:43.407000","171","False","False","0.05"
"2","2","Haze of Pollen","akh","Good (Lightly Played)","English","","","2025-01-05 06:59:17.137000","171","False","False","2.00"
"4","4","Herbal Poultice","lrw","Good (Lightly Played)","English","","","2025-01-05 20:15:28.010000","257","False","False","0.16"
"4","4","Hieroglyphic Illumination","akh","Good (Lightly Played)","English","","","2025-01-05 22:58:37.383000","57","False","False","0.10"
"4","4","Hornet Queen","m15","Good (Lightly Played)","English","","","2025-01-05 07:08:14.553000","178","False","False","2.39"
"4","4","Hydroblast","ice","Near Mint","English","","","2025-01-05 20:00:49.507000","72","False","False","1.29"
"3","3","Ice Tunnel","khm","Near Mint","English","","","2025-01-05 03:42:29.850000","262","False","False","1.49"
"1","1","Ichor Wellspring","mbs","Good (Lightly Played)","English","","","2025-01-05 05:47:07.033000","110","False","False","0.23"
"1","1","Ichor Wellspring","c21","Near Mint","English","","","2025-01-05 05:54:49.147000","245","False","False","0.25"
"3","3","Impact Tremors","dtk","Near Mint","English","","","2025-01-05 19:30:46.723000","140","False","False","1.29"
"2","2","Incinerate","m12","Played","English","","","2025-01-05 23:13:04.623000","146","False","False","0.10"
"2","2","Incinerate","10e","Good (Lightly Played)","English","","","2025-01-05 23:21:23.530000","213","False","False","0.13"
"4","4","Ingenious Infiltrator","mh1","Good (Lightly Played)","English","","","2025-01-05 23:44:46.057000","204","False","False","1.72"
"1","1","Into the Wilds","m14","Good (Lightly Played)","English","","","2025-01-05 06:36:13.880000","180","False","False","0.39"
"3","3","Into the Wilds","m14","Near Mint","English","","","2025-01-05 06:26:19.383000","180","False","False","0.49"
"1","1","Invasion of Ikoria // Zilortha, Apex of Ikoria","mom","Near Mint","English","","","2025-01-05 23:44:28.827000","190","False","False","6.44"
"1","1","Invasion of Ikoria // Zilortha, Apex of Ikoria","mom","Near Mint","English","","","2025-01-05 23:43:27.517000","190","False","False","6.73"
"1","1","Invasion of Ikoria // Zilortha, Apex of Ikoria","mom","Good (Lightly Played)","English","","","2025-01-05 23:43:52.483000","190","False","False","6.81"
"1","1","Invasion of Ikoria // Zilortha, Apex of Ikoria","mom","Good (Lightly Played)","English","","","2025-01-05 23:42:28.790000","190","False","False","7.75"
"4","4","Irrigated Farmland","akh","Near Mint","English","","","2025-01-05 22:58:58.107000","245","False","False","3.05"
"9","9","Island","8ed","Played","English","","","2025-01-05 03:06:58.150000","337","False","False",""
"1","1","Island","6ed","Played","English","","","2025-01-05 03:06:34.403000","338","False","False",""
"2","2","Izzet Signet","gpt","Good (Lightly Played)","English","","","2025-01-05 05:37:56.757000","152","False","False","0.63"
"1","1","Kiora, the Crashing Wave","ddo","Good (Lightly Played)","English","foil","","2025-01-05 06:37:12.830000","34","False","False","3.59"
"3","3","Krark-Clan Shaman","mrd","Near Mint","English","","","2025-01-05 05:55:28.147000","98","False","False","0.79"
"4","4","Lava Dart","mh1","Near Mint","English","","","2025-01-05 07:19:51.670000","134","False","False","0.25"
"4","4","Lay of the Land","m14","Near Mint","English","","","2025-01-05 06:51:15.490000","183","False","False","0.25"
"4","4","Leechridden Swamp","ddr","Near Mint","English","","","2025-01-05 23:34:44.920000","65","False","False","0.26"
"4","4","Lightning Bolt","m11","Good (Lightly Played)","English","","","2025-01-05 20:05:26.843000","149","False","False","2.79"
"4","4","Lightning Bolt","m11","Good (Lightly Played)","English","","","2025-01-05 19:36:37.673000","149","False","False","3.19"
"4","4","Lofty Denial","m21","Near Mint","English","","","2025-01-05 06:07:40.227000","56","False","False","0.25"
"3","3","Lotleth Giant","cmm","Near Mint","English","","","2025-01-05 23:58:23.677000","171","False","False","0.35"
"4","4","Magmatic Sinkhole","mh1","Near Mint","English","","","2025-01-05 07:20:05.333000","135","False","False","0.25"
"4","4","Makeshift Munitions","xln","Near Mint","English","","","2025-01-05 06:08:55.713000","151","False","False","0.25"
"4","4","Malevolent Rumble","mh3","Near Mint","English","","","2025-01-05 23:58:42.667000","161","False","False","0.59"
"1","1","Mana Leak","m11","Good (Lightly Played)","English","","","2025-01-05 22:59:51.970000","62","False","False","0.37"
"1","1","Mana Leak","ddn","Good (Lightly Played)","English","","","2025-01-05 22:59:36.050000","64","False","False","0.35"
"2","2","Maze's End","pdgm","Good (Lightly Played)","English","foil","","2025-01-05 06:38:04.937000","152★","False","False","1.19"
"4","4","Merfolk Trickster","dom","Near Mint","English","","","2025-01-05 06:09:16.400000","56","False","False","1.29"
"3","3","Mesmeric Fiend","tor","Played","English","","","2025-01-06 00:04:03.900000","69","False","False","1.25"
"1","1","Mindcrank","nph","Good (Lightly Played)","English","","","2025-01-05 23:00:15.467000","144","False","False","4.84"
"3","3","Mindcrank","nph","Good (Lightly Played)","English","","","2025-01-05 23:00:41.510000","144","False","False","3.56"
"4","4","Mist-Cloaked Herald","rix","Near Mint","English","","","2025-01-05 06:09:35.903000","43","False","False","0.25"
"2","2","Mistvault Bridge","mh2","Good (Lightly Played)","English","","","2025-01-05 05:47:26.643000","249","False","False","0.47"
"4","4","Mistvault Bridge","mh2","Near Mint","English","","","2025-01-05 06:10:08.933000","249","False","False","0.49"
"3","3","Mizzium Mortars","rtr","Good (Lightly Played)","English","","","2025-01-05 23:01:03.607000","101","False","False","0.23"
"1","1","Mnemonic Wall","ths","Good (Lightly Played)","English","","","2025-01-05 05:38:39.937000","55","False","False","0.20"
"4","4","Muddle the Mixture","rav","Good (Lightly Played)","English","","","2025-01-05 23:01:29.250000","60","False","False","1.50"
"4","4","Mulldrifter","cmr","Near Mint","English","","","2025-01-05 05:30:18.223000","400","False","False","0.25"
"1","1","Myr Enforcer","hop","Good (Lightly Played)","English","","","2025-01-05 05:48:14.660000","120","False","False","0.63"
"3","3","Myr Enforcer","mma","Near Mint","English","","","2025-01-05 03:15:03.607000","209","False","False","0.35"
"4","4","Myr Superion","nph","Good (Lightly Played)","English","","","2025-01-05 19:37:06.650000","146","False","False","1.59"
"4","4","Naturalize","8ed","Near Mint","English","","","2025-01-05 07:00:44.863000","270","False","False","0.20"
"4","4","Nettle Drone","bfz","Good (Lightly Played)","English","","","2025-01-05 20:14:20.400000","131","False","False","0.13"
"4","4","Nevermore","isd","Near Mint","English","","","2025-01-05 06:26:54.613000","25","False","False","0.59"
"1","1","Nightmare","m10","Good (Lightly Played)","English","","","2025-01-05 19:37:25.843000","107","False","False","0.23"
"2","2","Nihil Spellbomb","som","Good (Lightly Played)","English","","","2025-01-05 03:58:46.533000","187","False","False","0.47"
"4","4","Ninja of the Deep Hours","bok","Good (Lightly Played)","English","","","2025-01-05 03:58:57.960000","44","False","False","0.79"
"4","4","Ninja of the Deep Hours","bok","Good (Lightly Played)","English","","","2025-01-05 20:06:02.637000","44","False","False","1.19"
"1","1","Nissa's Pilgrimage","ori","Near Mint","English","","","2025-01-05 06:52:04.963000","190","False","False","0.25"
"3","3","Oblivion Ring","m13","Good (Lightly Played)","English","","","2025-01-05 06:38:42.883000","22","False","False","0.23"
"3","3","Obstinate Baloth","m11","Good (Lightly Played)","English","","","2025-01-05 07:01:44.603000","188","False","False","1.43"
"1","1","Okiba-Gang Shinobi","pca","Near Mint","English","","","2025-01-05 03:15:26.760000","35","False","False","0.69"
"1","1","Palace Siege","frf","Played","English","","","2025-01-05 23:30:57.827000","79","False","False","0.52"
"1","1","Palace Siege","c17","Near Mint","English","","","2025-01-05 23:30:12.850000","119","False","False","0.49"
"4","4","Phylactery Lich","m19","Near Mint","English","","","2025-01-05 23:31:17.063000","113","False","False","0.18"
"4","4","Ponder","m10","Good (Lightly Played)","English","","","2025-01-05 20:06:21.630000","68","False","False","1.99"
"1","1","Possessed Portal","5dn","Near Mint","English","","","2025-01-05 07:15:07.560000","144","False","False","2.99"
"3","3","Preordain","m11","Good (Lightly Played)","English","","","2025-01-05 20:08:05.173000","70","False","False","3.19"
"4","4","Preordain","cmr","Near Mint","English","","","2025-01-05 03:16:23.420000","84","False","False","0.79"
"1","1","Preordain","m11","Played","English","","","2025-01-05 20:09:05.897000","70","False","False","2.79"
"4","4","Priest of Urabrask","nph","Good (Lightly Played)","English","","","2025-01-05 19:37:52.020000","90","False","False","0.20"
"4","4","Prophetic Prism","gtc","Near Mint","English","","","2025-01-05 05:31:27.157000","234","False","False","0.25"
"4","4","Prophetic Prism","roe","Good (Lightly Played)","English","","","2025-01-05 05:49:10.067000","222","False","False","0.20"
"4","4","Pulse of Murasa","ogw","Near Mint","English","","","2025-01-05 05:31:50.473000","141","False","False","0.25"
"4","4","Pyroblast","ice","Near Mint","English","","","2025-01-05 20:01:10.117000","213","False","False","2.99"
"1","1","Rakdos Guildgate","rtr","Good (Lightly Played)","English","","","2025-01-05 06:39:28.487000","244","False","False","0.20"
"3","3","Rampant Growth","m12","Near Mint","English","","","2025-01-05 06:52:42.027000","190","False","False","0.29"
"1","1","Rampant Growth","c16","Good (Lightly Played)","English","","","2025-01-05 07:04:03.997000","161","False","False","0.28"
"4","4","Ravenous Rats","ddj","Near Mint","English","","","2025-01-05 23:33:52.287000","49","False","False","0.19"
"4","4","Ray of Revelation","jud","Good (Lightly Played)","English","","","2025-01-05 23:54:43.433000","20","False","False","0.31"
"2","2","Read the Bones","c14","Near Mint","English","","","2025-01-05 23:31:59.330000","158","False","False","0.07"
"2","2","Read the Bones","ths","Good (Lightly Played)","English","","","2025-01-05 19:38:07.180000","101","False","False","0.20"
"1","1","Reaping the Graves","scg","Good (Lightly Played)","English","","","2025-01-05 05:49:32.303000","72","False","False","1.03"
"4","4","Reckless Bushwhacker","ogw","Near Mint","English","","","2025-01-05 19:31:05.230000","116","False","False","0.59"
"1","1","Recross the Paths","mor","Near Mint","English","","","2025-01-05 06:53:10.357000","133","False","False","0.25"
"3","3","Recross the Paths","mor","Good (Lightly Played)","English","","","2025-01-05 07:04:42.400000","133","False","False","0.20"
"3","3","Red Elemental Blast","3ed","Good (Lightly Played)","English","","","2025-01-05 05:50:14.390000","171","False","False","1.59"
"4","4","Red Elemental Blast","4ed","Near Mint","English","","","2025-01-05 20:01:41.457000","218","False","False","0.25"
"4","4","Reduce // Rubble","akh","Good (Lightly Played)","English","","","2025-01-05 23:22:48.510000","216","False","False","0.06"
"2","2","Reforge the Soul","avr","Near Mint","English","","","2025-01-05 19:31:18.107000","151","False","False","5.49"
"4","4","Renewed Faith","akh","Good (Lightly Played)","English","","","2025-01-05 23:05:00.867000","25","False","False","0.11"
"4","4","Resourceful Return","aer","Near Mint","English","","","2025-01-05 06:27:19.540000","70","False","False","0.25"
"4","4","Retraction Helix","bng","Played","English","","","2025-01-05 20:14:39.630000","49","False","False","0.14"
"4","4","Return to Nature","war","Near Mint","English","","","2025-01-05 07:16:32.443000","175","False","False","0.25"
"4","4","Ricochet Trap","wwk","Good (Lightly Played)","English","","","2025-01-05 19:49:35.397000","87","False","False","0.28"
"3","3","Rise from the Tides","soi","Good (Lightly Played)","English","","","2025-01-05 23:14:20.163000","83","False","False","0.13"
"4","4","Rubblebelt Maverick","mkm","Near Mint","English","","","2025-01-05 23:59:10.273000","174","False","False","0.35"
"2","2","Rugged Highlands","ktk","Good (Lightly Played)","English","foil","","2025-01-05 05:39:17.327000","240","False","False","0.20"
"3","3","Sacred Ground","8ed","Good (Lightly Played)","English","","","2025-01-05 06:40:08.710000","39","False","False","0.28"
"4","4","Sakura-Tribe Elder","c16","Near Mint","English","","","2025-01-05 23:36:56.507000","164","False","False","1.19"
"3","3","Saruli Gatekeepers","dgm","Near Mint","English","","","2025-01-05 06:28:24.670000","48","False","False","0.25"
"4","4","Satyr Wayfinder","m3c","Near Mint","English","","","2025-01-05 23:59:31.507000","244","False","False","0.35"
"2","2","Scattered Groves","akh","Good (Lightly Played)","English","","","2025-01-05 23:15:53.813000","247","False","False","1.75"
"2","2","Scattered Groves","akh","Near Mint","English","","","2025-01-05 23:01:51.160000","247","False","False","1.80"
"3","3","Scattershot Archer","con","Good (Lightly Played)","English","","","2025-01-05 23:41:44.617000","90","False","False","0.37"
"1","1","Scrapwork Mutt","bro","Good (Lightly Played)","English","","","2025-01-05 23:54:56.950000","164","False","False","0.39"
"1","1","Scrapwork Mutt","bro","Near Mint","English","","","2025-01-05 23:46:12.663000","164","False","False","0.14"
"4","4","Search for Tomorrow","ima","Near Mint","English","","","2025-01-05 06:53:33.813000","185","False","False","0.25"
"4","4","Searing Spear","m13","Good (Lightly Played)","English","","","2025-01-05 23:24:28.107000","147","False","False","0.09"
"4","4","Seat of the Synod","mrd","Good (Lightly Played)","English","","","2025-01-05 05:51:01.667000","283","False","False","2.39"
"1","1","Selesnya Guildgate","rtr","Good (Lightly Played)","English","","","2025-01-05 06:40:38.063000","246","False","False","0.20"
"2","2","Serene Heart","mir","Good (Lightly Played)","English","","","2025-01-05 05:39:41.253000","242","False","False","0.20"
"1","1","Shefet Monitor","akh","Good (Lightly Played)","English","","","2025-01-05 23:23:17.263000","186","False","False","0.06"
"3","3","Shefet Monitor","akh","Good (Lightly Played)","English","","","2025-01-05 23:05:14.520000","186","False","False","0.07"
"6","6","Shenanigans","mh1","Near Mint","English","","","2025-01-05 07:20:25.390000","146","False","False","0.25"
"4","4","Shred Memory","rav","Good (Lightly Played)","English","","","2025-01-05 23:02:09.783000","105","False","False","0.50"
"4","4","Silverbluff Bridge","mh2","Near Mint","English","","","2025-01-05 06:01:54.537000","255","False","False","0.25"
"4","4","Silverbluff Bridge","mh2","Near Mint","English","","","2025-01-05 03:17:24.900000","255","False","False","0.39"
"4","4","Simic Guildgate","dgm","Good (Lightly Played)","English","","","2025-01-05 23:23:49.517000","156","False","False","0.05"
"1","1","Simic Signet","dis","Near Mint","English","","","2025-01-05 05:32:36.400000","166","False","False","0.49"
"4","4","Siren Stormtamer","cmr","Near Mint","English","","","2025-01-05 06:10:44.877000","96","False","False","0.49"
"4","4","Skred","csp","Good (Lightly Played)","English","","","2025-01-05 20:08:17.737000","97","False","False","2.79"
"4","4","Skyshroud Ranger","10e","Near Mint","English","","","2025-01-05 06:29:25.590000","297","False","False","0.29"
"2","2","Sleep","m10","Near Mint","English","","","2025-01-05 06:15:30.913000","71","False","False","0.20"
"1","1","Sleep","m10","Near Mint","English","","","2025-01-05 06:11:35.933000","71","False","False","0.25"
"3","3","Smash to Smithereens","ori","Good (Lightly Played)","English","","","2025-01-05 19:49:50.583000","163","False","False","0.20"
"11","11","Snow-Covered Island","mh1","Near Mint","English","","","2025-01-05 20:02:35.680000","251","False","False","1.29"
"4","4","Snow-Covered Mountain","mh1","Near Mint","English","","","2025-01-05 20:02:52.827000","253","False","False","0.99"
"1","1","Snuff Out","mmq","Played","English","","","2025-01-06 00:04:28.990000","162","False","False","8.39"
"3","3","Snuff Out","who","Near Mint","English","","","2025-01-05 23:59:53.777000","222","False","False","8.99"
"8","8","Sojourner's Companion","mh2","Near Mint","English","","","2025-01-05 06:02:12.620000","235","False","False","0.25"
"4","4","Spatial Contortion","ogw","Near Mint","English","","","2025-01-05 07:16:52.730000","8","False","False","0.25"
"3","3","Spectral Sailor","m20","Good (Lightly Played)","English","","","2025-01-05 06:15:57.997000","76","False","False","0.23"
"1","1","Spectral Sailor","m20","Near Mint","English","","","2025-01-05 06:12:00.500000","76","False","False","0.25"
"1","1","Spell Pierce","zen","Near Mint","English","","","2025-01-05 06:12:23.843000","67","False","False","0.35"
"3","3","Spell Pierce","zen","Good (Lightly Played)","English","","","2025-01-05 06:16:20.763000","67","False","False","0.28"
"2","2","Spellstutter Sprite","mma","Good (Lightly Played)","English","","","2025-01-05 03:59:29.783000","65","False","False","3.19"
"2","2","Spellstutter Sprite","lrw","Good (Lightly Played)","English","","","2025-01-05 03:59:16.637000","89","False","False","3.59"
"4","4","Spellstutter Sprite","lrw","Good (Lightly Played)","English","","","2025-01-05 20:08:34.557000","89","False","False","1.59"
"2","2","Sphere of Safety","rtr","Good (Lightly Played)","English","","","2025-01-05 06:41:19.293000","24","False","False","1.83"
"4","4","Spine of Ish Sah","cm2","Near Mint","English","","","2025-01-05 07:15:27.653000","220","False","False","0.49"
"4","4","Steel Hellkite","cm2","Near Mint","English","","","2025-01-05 06:54:00.723000","222","False","False","0.35"
"3","3","Steel Hellkite","c18","Near Mint","English","","","2025-01-05 23:39:15.900000","224","False","False","0.97"
"3","3","Stinkweed Imp","plst","Good (Lightly Played)","English","","","2025-01-05 23:55:45.147000","GK1-53","False","False","1.59"
"1","1","Stinkweed Imp","mma","Good (Lightly Played)","English","","","2025-01-05 23:55:29.170000","98","False","False","1.59"
"4","4","Storm Entity","fut","Good (Lightly Played)","English","","","2025-01-05 19:50:23.277000","122","False","False","0.23"
"4","4","Stormbound Geist","dka","Near Mint","English","","","2025-01-05 07:20:37.343000","51","False","False","0.25"
"2","2","Stormbound Geist","dka","Good (Lightly Played)","English","","","2025-01-05 03:59:37.577000","51","False","False","0.20"
"4","4","Stormchaser Mage","ogw","Near Mint","English","","","2025-01-05 20:14:03.993000","159","False","False","0.60"
"1","1","Stream of Thought","mh1","Near Mint","English","","","2025-01-05 05:32:53.317000","71","False","False","0.25"
"4","4","Submerged Boneyard","aer","Good (Lightly Played)","English","","","2025-01-05 23:21:49.007000","194","False","False","0.07"
"2","2","Suffocating Fumes","iko","Near Mint","English","","","2025-01-05 03:18:06.787000","100","False","False","0.25"
"4","4","Surge Mare","m19","Near Mint","English","","","2025-01-05 06:12:36.390000","77","False","False","0.25"
"1","1","Swamp","btd","Played","English","","","2025-01-05 03:06:49.267000","83","False","False",""
"1","1","Swamp","s99","Played","English","","","2025-01-05 03:06:41.070000","163","False","False",""
"1","1","Swiftwater Cliffs","frf","Near Mint","English","","","2025-01-05 05:33:19.947000","172","False","False","0.25"
"4","4","Swiftwater Cliffs","ema","Good (Lightly Played)","English","","","2025-01-05 23:24:10.700000","245","False","False","0.10"
"4","4","Swiftwater Cliffs","ktk","Near Mint","English","","","2025-01-05 22:26:45.780000","243","False","False","0.10"
"4","4","Swirling Sandstorm","jud","Near Mint","English","","","2025-01-05 07:20:49.060000","102","False","False","0.49"
"2","2","Swirling Sandstorm","jud","Good (Lightly Played)","English","","","2025-01-05 20:08:50.153000","102","False","False","0.39"
"4","4","Sylvan Scrying","bfz","Near Mint","English","","","2025-01-05 07:12:11.660000","192","False","False","0.25"
"4","4","Take Inventory","emn","Good (Lightly Played)","English","","","2025-01-05 23:03:02.763000","76","False","False","0.04"
"3","3","Tempest Djinn","dom","Good (Lightly Played)","English","","","2025-01-05 06:16:49.787000","68","False","False","0.39"
"1","1","Tempest Djinn","dom","Near Mint","English","","","2025-01-05 06:12:59.117000","68","False","False","0.49"
"1","1","Temur Battle Rage","frf","Good (Lightly Played)","English","","","2025-01-05 05:51:38.597000","116","False","False","0.23"
"3","3","Terra Eternal","wwk","Good (Lightly Played)","English","","","2025-01-05 06:42:12.673000","22","False","False","0.39"
"4","4","Terrarion","emn","Good (Lightly Played)","English","","","2025-01-05 06:17:26.640000","201","False","False","0.20"
"4","4","Think Twice","isd","Good (Lightly Played)","English","","","2025-01-05 23:03:27.300000","83","False","False","0.15"
"1","1","Thorn of the Black Rose","cmr","Near Mint","English","","","2025-01-05 03:18:22.543000","154","False","False","0.25"
"1","1","Thornwood Falls","frf","Near Mint","English","","","2025-01-05 05:33:37.507000","173","False","False","0.25"
"4","4","Thought Scour","plst","Near Mint","English","","","2025-01-05 03:18:55.827000","IMA-76","False","False","0.69"
"4","4","Thoughtcast","mrd","Near Mint","English","","","2025-01-05 05:51:59.247000","54","False","False","1.43"
"3","3","Thragtusk","m13","Good (Lightly Played)","English","","","2025-01-05 07:05:04.843000","193","False","False","1.99"
"1","1","Thragtusk","m13","Near Mint","English","","","2025-01-05 06:54:46.577000","193","False","False","2.49"
"4","4","Tormented Soul","m13","Good (Lightly Played)","English","","","2025-01-05 23:13:42.240000","111","False","False","0.06"
"3","3","Tormod's Crypt","m15","Good (Lightly Played)","English","","","2025-01-05 19:50:45.060000","237","False","False","0.55"
"4","4","Tormod's Crypt","m13","Played","English","","","2025-01-05 20:15:53.697000","219","False","False","0.22"
"4","4","Trading Post","c16","Near Mint","English","","","2025-01-05 07:15:45.710000","278","False","False","0.39"
"4","4","Tragic Slip","dka","Good (Lightly Played)","English","","","2025-01-05 23:03:54.750000","76","False","False","0.17"
"4","4","Troll of Khazad-dûm","ltr","Near Mint","English","","","2025-01-06 00:00:11.623000","111","False","False","1.79"
"4","4","Ulamog's Crusher","roe","Good (Lightly Played)","English","","","2025-01-05 23:37:49.310000","13","False","False","0.15"
"1","1","Ulamog's Crusher","roe","Good (Lightly Played)","English","","","2025-01-05 05:40:04.377000","13","False","False","0.20"
"1","1","Unexpected Fangs","iko","Near Mint","English","","","2025-01-05 03:19:10.643000","102","False","False","0.25"
"4","4","Urza's Mine","chr","Good (Lightly Played)","English","","","2025-01-05 07:13:20.250000","114b","False","False","1.59"
"4","4","Urza's Mine","2xm","Near Mint","English","","","2025-01-05 05:34:21.430000","329","False","False","0.69"
"1","1","Urza's Power Plant","chr","Good (Lightly Played)","English","","","2025-01-05 07:13:57.223000","115b","False","False","1.83"
"4","4","Urza's Power Plant","2xm","Near Mint","English","","","2025-01-05 05:35:06.403000","330","False","False","0.69"
"1","1","Urza's Tower","chr","Good (Lightly Played)","English","","","2025-01-05 07:14:42.310000","116c","False","False","1.83"
"4","4","Urza's Tower","2xm","Near Mint","English","","","2025-01-05 05:36:07.137000","331","False","False","0.39"
"4","4","Utopia Sprawl","dis","Good (Lightly Played)","English","","","2025-01-05 07:07:35.200000","99","False","False","2.79"
"1","1","Vandalblast","rtr","Near Mint","English","","","2025-01-05 22:27:13.847000","111","False","False","0.48"
"2","2","Vandalblast","rtr","Played","English","","","2025-01-05 20:16:09.413000","111","False","False","0.45"
"4","4","Vault of Whispers","mrd","Good (Lightly Played)","English","","","2025-01-05 06:17:53.047000","286","False","False","0.63"
"4","4","Vessel of Nascency","a25","Near Mint","English","","","2025-01-05 06:55:12.993000","193","False","False","0.25"
"4","4","Victim of Night","isd","Good (Lightly Played)","English","","","2025-01-05 19:51:49.900000","124","False","False","0.39"
"4","4","Warping Wail","ogw","Near Mint","English","","","2025-01-05 07:17:09.973000","12","False","False","0.39"
"3","3","Weather the Storm","mh1","Near Mint","English","","","2025-01-05 05:36:25.837000","191","False","False","0.25"
"1","1","White Sun's Zenith","c17","Near Mint","English","","","2025-01-05 06:30:01.370000","78","False","False","0.25"
"1","1","White Sun's Zenith","c14","Good (Lightly Played)","English","","","2025-01-05 06:43:09.773000","95","False","False","0.20"
"2","2","Witching Well","eld","Near Mint","English","","","2025-01-05 06:02:27.520000","74","False","False","0.25"
"4","4","Wizard's Retort","jmp","Near Mint","English","","","2025-01-05 06:13:25.933000","198","False","False","0.29"
"1","1","Wooded Ridgeline","dmu","Near Mint","English","","","2025-01-06 00:00:23.193000","260","False","False","0.35"
"4","4","Zephyr Scribe","dtk","Played","English","","","2025-01-05 20:14:59.543000","85","False","False","0.10"
